method,scenario_id,scenario,n,eta,alpha_share,n_reps,p_c,ATE_est_mean,ATE_est_sd,ATE_bias_mean,ATE_bias_sd,ATE_rmse,NDE_d1_est_mean,NDE_d1_est_sd,NDE_d1_bias_mean,NDE_d1_bias_sd,NDE_d1_rmse,NDE_d0_est_mean,NDE_d0_est_sd,NDE_d0_bias_mean,NDE_d0_bias_sd,NDE_d0_rmse,NIE_d1_est_mean,NIE_d1_est_sd,NIE_d1_bias_mean,NIE_d1_bias_sd,NIE_d1_rmse,NIE_d0_est_mean,NIE_d0_est_sd,NIE_d0_bias_mean,NIE_d0_bias_sd,NIE_d0_rmse
lsem,1,n500_eta1_share10_pc10,500,1,0.100000,100,0.100000,0.158321,0.098710,0.158321,0.098710,0.186311,-0.039016,0.094236,-0.039016,0.094236,0.101557,-0.039016,0.094236,-0.039016,0.094236,0.101557,0.197337,0.073445,0.197337,0.073445,0.210433,0.197337,0.073445,0.197337,0.073445,0.210433
lsem,2,n1000_eta1_share10_pc10,1000,1,0.100000,100,0.100000,0.157792,0.078580,0.157792,0.078580,0.176100,-0.042905,0.071461,-0.042905,0.071461,0.083045,-0.042905,0.071461,-0.042905,0.071461,0.083045,0.200697,0.051139,0.200697,0.051139,0.207047,0.200697,0.051139,0.200697,0.051139,0.207047
lsem,3,n500_eta10_share10_pc10,500,10,0.100000,100,0.100000,0.152282,0.101981,0.152282,0.101981,0.182991,-0.095401,0.103277,-0.095401,0.103277,0.140217,-0.095401,0.103277,-0.095401,0.103277,0.140217,0.247683,0.085224,0.247683,0.085224,0.261796,0.247683,0.085224,0.247683,0.085224,0.261796
lsem,4,n1000_eta10_share10_pc10,1000,10,0.100000,100,0.100000,0.165987,0.078098,0.165987,0.078098,0.183276,-0.107529,0.081288,-0.107529,0.081288,0.134552,-0.107529,0.081288,-0.107529,0.081288,0.134552,0.273516,0.053311,0.273516,0.053311,0.278612,0.273516,0.053311,0.273516,0.053311,0.278612
lsem,5,n500_eta1_share50_pc10,500,1,0.500000,100,0.100000,0.140616,0.105807,0.140616,0.105807,0.175659,-0.046481,0.112077,-0.046481,0.112077,0.120815,-0.046481,0.112077,-0.046481,0.112077,0.120815,0.187097,0.069284,0.187097,0.069284,0.199393,0.187097,0.069284,0.187097,0.069284,0.199393
lsem,6,n1000_eta1_share50_pc10,1000,1,0.500000,100,0.100000,0.173077,0.077025,0.173077,0.077025,0.189286,-0.028705,0.073793,-0.028705,0.073793,0.078835,-0.028705,0.073793,-0.028705,0.073793,0.078835,0.201783,0.052578,0.201783,0.052578,0.208454,0.201783,0.052578,0.201783,0.052578,0.208454
lsem,7,n500_eta10_share50_pc10,500,10,0.500000,100,0.100000,0.128567,0.112466,0.128567,0.112466,0.170445,-0.112590,0.123936,-0.112590,0.123936,0.166982,-0.112590,0.123936,-0.112590,0.123936,0.166982,0.241157,0.091406,0.241157,0.091406,0.257736,0.241157,0.091406,0.241157,0.091406,0.257736
lsem,8,n1000_eta10_share50_pc10,1000,10,0.500000,100,0.100000,0.162661,0.083218,0.162661,0.083218,0.182523,-0.092278,0.076686,-0.092278,0.076686,0.119737,-0.092278,0.076686,-0.092278,0.076686,0.119737,0.254939,0.072424,0.254939,0.072424,0.264928,0.254939,0.072424,0.254939,0.072424,0.264928
lsem,9,n500_eta1_share10_pc20,500,1,0.100000,100,0.200000,0.174605,0.086762,0.174605,0.086762,0.194780,-0.054298,0.097265,-0.054298,0.097265,0.110969,-0.054298,0.097265,-0.054298,0.097265,0.110969,0.228903,0.072512,0.228903,0.072512,0.240004,0.228903,0.072512,0.228903,0.072512,0.240004
lsem,10,n1000_eta1_share10_pc20,1000,1,0.100000,100,0.200000,0.174084,0.060916,0.174084,0.060916,0.184334,-0.060099,0.074919,-0.060099,0.074919,0.095752,-0.060099,0.074919,-0.060099,0.074919,0.095752,0.234183,0.059961,0.234183,0.059961,0.241663,0.234183,0.059961,0.234183,0.059961,0.241663
lsem,11,n500_eta10_share10_pc20,500,10,0.100000,100,0.200000,0.155965,0.084757,0.155965,0.084757,0.177305,-0.107973,0.098325,-0.107973,0.098325,0.145703,-0.107973,0.098325,-0.107973,0.098325,0.145703,0.263939,0.074871,0.263939,0.074871,0.274251,0.263939,0.074871,0.263939,0.074871,0.274251
lsem,12,n1000_eta10_share10_pc20,1000,10,0.100000,100,0.200000,0.169506,0.063755,0.169506,0.063755,0.180987,-0.109458,0.084279,-0.109458,0.084279,0.137888,-0.109458,0.084279,-0.109458,0.084279,0.137888,0.278964,0.067011,0.278964,0.067011,0.286822,0.278964,0.067011,0.278964,0.067011,0.286822
lsem,13,n500_eta1_share50_pc20,500,1,0.500000,100,0.200000,0.148435,0.093327,0.148435,0.093327,0.175088,-0.081049,0.102366,-0.081049,0.102366,0.130165,-0.081049,0.102366,-0.081049,0.102366,0.130165,0.229484,0.075993,0.229484,0.075993,0.241620,0.229484,0.075993,0.229484,0.075993,0.241620
lsem,14,n1000_eta1_share50_pc20,1000,1,0.500000,100,0.200000,0.172543,0.059893,0.172543,0.059893,0.182544,-0.063370,0.069853,-0.063370,0.069853,0.094055,-0.063370,0.069853,-0.063370,0.069853,0.094055,0.235913,0.056431,0.235913,0.056431,0.242502,0.235913,0.056431,0.235913,0.056431,0.242502
lsem,15,n500_eta10_share50_pc20,500,10,0.500000,100,0.200000,0.156191,0.078095,0.156191,0.078095,0.174452,-0.102726,0.087926,-0.102726,0.087926,0.134931,-0.102726,0.087926,-0.102726,0.087926,0.134931,0.258917,0.087151,0.258917,0.087151,0.273052,0.258917,0.087151,0.258917,0.087151,0.273052
lsem,16,n1000_eta10_share50_pc20,1000,10,0.500000,100,0.200000,0.163604,0.057919,0.163604,0.057919,0.173457,-0.108208,0.076418,-0.108208,0.076418,0.132250,-0.108208,0.076418,-0.108208,0.076418,0.132250,0.271812,0.062144,0.271812,0.062144,0.278756,0.271812,0.062144,0.271812,0.062144,0.278756
lsem,17,n500_eta1_share10_pc30,500,1,0.100000,100,0.300000,0.167548,0.064398,0.167548,0.064398,0.179382,-0.063509,0.091146,-0.063509,0.091146,0.110715,-0.063509,0.091146,-0.063509,0.091146,0.110715,0.231057,0.074449,0.231057,0.074449,0.242641,0.231057,0.074449,0.231057,0.074449,0.242641
lsem,18,n1000_eta1_share10_pc30,1000,1,0.100000,100,0.300000,0.181645,0.047843,0.181645,0.047843,0.187780,-0.048962,0.065405,-0.048962,0.065405,0.081439,-0.048962,0.065405,-0.048962,0.065405,0.081439,0.230607,0.050252,0.230607,0.050252,0.235966,0.230607,0.050252,0.230607,0.050252,0.235966
lsem,19,n500_eta10_share10_pc30,500,10,0.100000,100,0.300000,0.167020,0.067153,0.167020,0.067153,0.179889,-0.096739,0.095921,-0.096739,0.095921,0.135894,-0.096739,0.095921,-0.096739,0.095921,0.135894,0.263759,0.079809,0.263759,0.079809,0.275453,0.263759,0.079809,0.263759,0.079809,0.275453
lsem,20,n1000_eta10_share10_pc30,1000,10,0.100000,100,0.300000,0.180163,0.048697,0.180163,0.048697,0.186565,-0.094335,0.074486,-0.094335,0.074486,0.119965,-0.094335,0.074486,-0.094335,0.074486,0.119965,0.274498,0.053936,0.274498,0.053936,0.279695,0.274498,0.053936,0.274498,0.053936,0.279695
lsem,21,n500_eta1_share50_pc30,500,1,0.500000,100,0.300000,0.186284,0.059746,0.186284,0.059746,0.195539,-0.041723,0.077954,-0.041723,0.077954,0.088074,-0.041723,0.077954,-0.041723,0.077954,0.088074,0.228007,0.066948,0.228007,0.066948,0.237538,0.228007,0.066948,0.228007,0.066948,0.237538
lsem,22,n1000_eta1_share50_pc30,1000,1,0.500000,100,0.300000,0.180326,0.043913,0.180326,0.043913,0.185544,-0.051786,0.071442,-0.051786,0.071442,0.087947,-0.051786,0.071442,-0.051786,0.071442,0.087947,0.232112,0.062285,0.232112,0.062285,0.240243,0.232112,0.062285,0.232112,0.062285,0.240243
lsem,23,n500_eta10_share50_pc30,500,10,0.500000,100,0.300000,0.163609,0.064826,0.163609,0.064826,0.175864,-0.102827,0.097824,-0.102827,0.097824,0.141588,-0.102827,0.097824,-0.102827,0.097824,0.141588,0.266435,0.077079,0.266435,0.077079,0.277253,0.266435,0.077079,0.266435,0.077079,0.277253
lsem,24,n1000_eta10_share50_pc30,1000,10,0.500000,100,0.300000,0.180126,0.050851,0.180126,0.050851,0.187097,-0.093440,0.070248,-0.093440,0.070248,0.116689,-0.093440,0.070248,-0.093440,0.070248,0.116689,0.273566,0.059819,0.273566,0.059819,0.279966,0.273566,0.059819,0.273566,0.059819,0.279966
lsem,25,n500_eta1_share10_pc40,500,1,0.100000,100,0.400000,0.159039,0.059704,0.159039,0.059704,0.169772,-0.060432,0.087315,-0.060432,0.087315,0.105829,-0.060432,0.087315,-0.060432,0.087315,0.105829,0.219471,0.072083,0.219471,0.072083,0.230893,0.219471,0.072083,0.219471,0.072083,0.230893
lsem,26,n1000_eta1_share10_pc40,1000,1,0.100000,100,0.400000,0.183120,0.037859,0.183120,0.037859,0.186955,-0.042719,0.064328,-0.042719,0.064328,0.076952,-0.042719,0.064328,-0.042719,0.064328,0.076952,0.225839,0.050301,0.225839,0.050301,0.231319,0.225839,0.050301,0.225839,0.050301,0.231319
lsem,27,n500_eta10_share10_pc40,500,10,0.100000,100,0.400000,0.177280,0.060170,0.177280,0.060170,0.187116,-0.067138,0.092193,-0.067138,0.092193,0.113676,-0.067138,0.092193,-0.067138,0.092193,0.113676,0.244418,0.077849,0.244418,0.077849,0.256398,0.244418,0.077849,0.244418,0.077849,0.256398
lsem,28,n1000_eta10_share10_pc40,1000,10,0.100000,100,0.400000,0.174193,0.040950,0.174193,0.040950,0.178894,-0.079684,0.057954,-0.079684,0.057954,0.098359,-0.079684,0.057954,-0.079684,0.057954,0.098359,0.253877,0.052595,0.253877,0.052595,0.259214,0.253877,0.052595,0.253877,0.052595,0.259214
lsem,29,n500_eta1_share50_pc40,500,1,0.500000,100,0.400000,0.184395,0.059159,0.184395,0.059159,0.193562,-0.045858,0.088028,-0.045858,0.088028,0.098865,-0.045858,0.088028,-0.045858,0.088028,0.098865,0.230253,0.068707,0.230253,0.068707,0.240188,0.230253,0.068707,0.230253,0.068707,0.240188
lsem,30,n1000_eta1_share50_pc40,1000,1,0.500000,100,0.400000,0.181761,0.043881,0.181761,0.043881,0.186931,-0.040334,0.059297,-0.040334,0.059297,0.071469,-0.040334,0.059297,-0.040334,0.059297,0.071469,0.222095,0.046451,0.222095,0.046451,0.226853,0.222095,0.046451,0.222095,0.046451,0.226853
lsem,31,n500_eta10_share50_pc40,500,10,0.500000,100,0.400000,0.189654,0.068871,0.189654,0.068871,0.201654,-0.049214,0.092556,-0.049214,0.092556,0.104417,-0.049214,0.092556,-0.049214,0.092556,0.104417,0.238868,0.073079,0.238868,0.073079,0.249690,0.238868,0.073079,0.238868,0.073079,0.249690
lsem,32,n1000_eta10_share50_pc40,1000,10,0.500000,100,0.400000,0.184647,0.045343,0.184647,0.045343,0.190079,-0.076222,0.065308,-0.076222,0.065308,0.100162,-0.076222,0.065308,-0.076222,0.065308,0.100162,0.260869,0.053254,0.260869,0.053254,0.266196,0.260869,0.053254,0.260869,0.053254,0.266196
lsem,33,n500_eta1_share10_pc50,500,1,0.100000,100,0.500000,0.185024,0.063051,0.185024,0.063051,0.195370,-0.036924,0.084746,-0.036924,0.084746,0.092051,-0.036924,0.084746,-0.036924,0.084746,0.092051,0.221947,0.062928,0.221947,0.062928,0.230610,0.221947,0.062928,0.221947,0.062928,0.230610
lsem,34,n1000_eta1_share10_pc50,1000,1,0.100000,100,0.500000,0.186842,0.040650,0.186842,0.040650,0.191170,-0.028409,0.057248,-0.028409,0.057248,0.063652,-0.028409,0.057248,-0.028409,0.057248,0.063652,0.215251,0.043357,0.215251,0.043357,0.219531,0.215251,0.043357,0.215251,0.043357,0.219531
lsem,35,n500_eta10_share10_pc50,500,10,0.100000,100,0.500000,0.175836,0.063101,0.175836,0.063101,0.186709,-0.064570,0.085576,-0.064570,0.085576,0.106862,-0.064570,0.085576,-0.064570,0.085576,0.106862,0.240407,0.068963,0.240407,0.068963,0.250007,0.240407,0.068963,0.240407,0.068963,0.250007
lsem,36,n1000_eta10_share10_pc50,1000,10,0.100000,100,0.500000,0.181787,0.044640,0.181787,0.044640,0.187135,-0.062354,0.066876,-0.062354,0.066876,0.091191,-0.062354,0.066876,-0.062354,0.066876,0.091191,0.244142,0.056054,0.244142,0.056054,0.250431,0.244142,0.056054,0.244142,0.056054,0.250431
lsem,37,n500_eta1_share50_pc50,500,1,0.500000,100,0.500000,0.188093,0.061107,0.188093,0.061107,0.197675,-0.025783,0.086833,-0.025783,0.086833,0.090163,-0.025783,0.086833,-0.025783,0.086833,0.090163,0.213876,0.069581,0.213876,0.069581,0.224802,0.213876,0.069581,0.213876,0.069581,0.224802
lsem,38,n1000_eta1_share50_pc50,1000,1,0.500000,100,0.500000,0.178020,0.045696,0.178020,0.045696,0.183735,-0.033765,0.061081,-0.033765,0.061081,0.069524,-0.033765,0.061081,-0.033765,0.061081,0.069524,0.211785,0.043595,0.211785,0.043595,0.216181,0.211785,0.043595,0.211785,0.043595,0.216181
lsem,39,n500_eta10_share50_pc50,500,10,0.500000,100,0.500000,0.188018,0.054151,0.188018,0.054151,0.195586,-0.064051,0.087665,-0.064051,0.087665,0.108217,-0.064051,0.087665,-0.064051,0.087665,0.108217,0.252069,0.071679,0.252069,0.071679,0.261965,0.252069,0.071679,0.252069,0.071679,0.261965
lsem,40,n1000_eta10_share50_pc50,1000,10,0.500000,100,0.500000,0.181999,0.038913,0.181999,0.038913,0.186072,-0.057233,0.060313,-0.057233,0.060313,0.082927,-0.057233,0.060313,-0.057233,0.060313,0.082927,0.239233,0.049447,0.239233,0.049447,0.244239,0.239233,0.049447,0.239233,0.049447,0.244239
lsem_i,1,n500_eta1_share10_pc10,500,1,0.100000,100,0.100000,0.251183,0.101284,0.251183,0.101284,0.270645,0.280239,0.121901,0.280239,0.121901,0.305361,-0.090653,0.104705,-0.090653,0.104705,0.138100,0.341836,0.112761,0.341836,0.112761,0.359777,-0.029057,0.080231,-0.029057,0.080231,0.084952
lsem_i,2,n1000_eta1_share10_pc10,1000,1,0.100000,100,0.100000,0.251249,0.077655,0.251249,0.077655,0.262862,0.281128,0.100533,0.281128,0.100533,0.298394,-0.096863,0.070923,-0.096863,0.070923,0.119843,0.348113,0.085403,0.348113,0.085403,0.358334,-0.029879,0.057751,-0.029879,0.057751,0.064765
lsem_i,3,n500_eta10_share10_pc10,500,10,0.100000,100,0.100000,0.272648,0.113983,0.272648,0.113983,0.295295,0.317072,0.145176,0.317072,0.145176,0.348425,-0.174668,0.119290,-0.174668,0.119290,0.211179,0.447315,0.139542,0.447315,0.139542,0.468368,-0.044424,0.085342,-0.044424,0.085342,0.095833
lsem_i,4,n1000_eta10_share10_pc10,1000,10,0.100000,100,0.100000,0.295211,0.078108,0.295211,0.078108,0.305270,0.338174,0.103643,0.338174,0.103643,0.353548,-0.193455,0.087427,-0.193455,0.087427,0.212113,0.488667,0.079867,0.488667,0.079867,0.495086,-0.042962,0.066136,-0.042962,0.066136,0.078588
lsem_i,5,n500_eta1_share50_pc10,500,1,0.500000,100,0.100000,0.237961,0.100175,0.237961,0.100175,0.257992,0.277388,0.124417,0.277388,0.124417,0.303758,-0.095381,0.112832,-0.095381,0.112832,0.147314,0.333342,0.115850,0.333342,0.115850,0.352709,-0.039427,0.070205,-0.039427,0.070205,0.080212
lsem_i,6,n1000_eta1_share50_pc10,1000,1,0.500000,100,0.100000,0.262102,0.080131,0.262102,0.080131,0.273960,0.293323,0.098694,0.293323,0.098694,0.309325,-0.087878,0.076470,-0.087878,0.076470,0.116240,0.349980,0.078613,0.349980,0.078613,0.358614,-0.031221,0.055242,-0.031221,0.055242,0.063213
lsem_i,7,n500_eta10_share50_pc10,500,10,0.500000,100,0.100000,0.248964,0.111177,0.248964,0.111177,0.272433,0.306521,0.136570,0.306521,0.136570,0.335291,-0.196337,0.137904,-0.196337,0.137904,0.239532,0.445301,0.144118,0.445301,0.144118,0.467820,-0.057557,0.083618,-0.057557,0.083618,0.101167
lsem_i,8,n1000_eta10_share50_pc10,1000,10,0.500000,100,0.100000,0.283807,0.090081,0.283807,0.090081,0.297624,0.333113,0.110169,0.333113,0.110169,0.350685,-0.180859,0.088763,-0.180859,0.088763,0.201271,0.464667,0.114366,0.464667,0.114366,0.478397,-0.049305,0.065208,-0.049305,0.065208,0.081490
lsem_i,9,n500_eta1_share10_pc20,500,1,0.100000,100,0.200000,0.212770,0.085661,0.212770,0.085661,0.229206,0.250936,0.119962,0.250936,0.119962,0.277877,-0.170894,0.116832,-0.170894,0.116832,0.206683,0.383664,0.103617,0.383664,0.103617,0.397274,-0.038166,0.101246,-0.038166,0.101246,0.107726
lsem_i,10,n1000_eta1_share10_pc20,1000,1,0.100000,100,0.200000,0.214212,0.057065,0.214212,0.057065,0.221609,0.264970,0.085427,0.264970,0.085427,0.278269,-0.179767,0.091207,-0.179767,0.091207,0.201374,0.393978,0.089810,0.393978,0.089810,0.403985,-0.050758,0.064865,-0.050758,0.064865,0.082109
lsem_i,11,n500_eta10_share10_pc20,500,10,0.100000,100,0.200000,0.207694,0.085660,0.207694,0.085660,0.224502,0.288789,0.156937,0.288789,0.156937,0.328302,-0.261195,0.121314,-0.261195,0.121314,0.287737,0.468889,0.125778,0.468889,0.125778,0.485303,-0.081095,0.116834,-0.081095,0.116834,0.141740
lsem_i,12,n1000_eta10_share10_pc20,1000,10,0.100000,100,0.200000,0.218960,0.062153,0.218960,0.062153,0.227526,0.293010,0.114074,0.293010,0.114074,0.314225,-0.268200,0.110814,-0.268200,0.110814,0.289980,0.487161,0.112827,0.487161,0.112827,0.499928,-0.074049,0.090516,-0.074049,0.090516,0.116596
lsem_i,13,n500_eta1_share50_pc20,500,1,0.500000,100,0.200000,0.189235,0.092735,0.189235,0.092735,0.210532,0.251354,0.144904,0.251354,0.144904,0.289769,-0.206548,0.116974,-0.206548,0.116974,0.237082,0.395783,0.107179,0.395783,0.107179,0.409898,-0.062119,0.106171,-0.062119,0.106171,0.122550
lsem_i,14,n1000_eta1_share50_pc20,1000,1,0.500000,100,0.200000,0.211405,0.060157,0.211405,0.060157,0.219715,0.267522,0.087715,0.267522,0.087715,0.281398,-0.190994,0.086399,-0.190994,0.086399,0.209449,0.402399,0.078363,0.402399,0.078363,0.409884,-0.056117,0.073598,-0.056117,0.073598,0.092259
lsem_i,15,n500_eta10_share50_pc20,500,10,0.500000,100,0.200000,0.210576,0.078605,0.210576,0.078605,0.224631,0.284357,0.124799,0.284357,0.124799,0.310287,-0.242584,0.121895,-0.242584,0.121895,0.271214,0.453160,0.127653,0.453160,0.127653,0.470624,-0.073781,0.115709,-0.073781,0.115709,0.136741
lsem_i,16,n1000_eta10_share50_pc20,1000,10,0.500000,100,0.200000,0.210988,0.055622,0.210988,0.055622,0.218126,0.293153,0.108126,0.293153,0.108126,0.312271,-0.271456,0.101979,-0.271456,0.101979,0.289800,0.482445,0.105493,0.482445,0.105493,0.493731,-0.082164,0.086457,-0.082164,0.086457,0.118958
lsem_i,17,n500_eta1_share10_pc30,500,1,0.100000,100,0.300000,0.178091,0.064036,0.178091,0.064036,0.189145,0.227641,0.125093,0.227641,0.125093,0.259446,-0.190237,0.121323,-0.190237,0.121323,0.225305,0.368328,0.105177,0.368328,0.105177,0.382906,-0.049550,0.119244,-0.049550,0.119244,0.128577
lsem_i,18,n1000_eta1_share10_pc30,1000,1,0.100000,100,0.300000,0.190909,0.047431,0.190909,0.047431,0.196656,0.245033,0.098503,0.245033,0.098503,0.263907,-0.181704,0.083288,-0.181704,0.083288,0.199710,0.372614,0.073604,0.372614,0.073604,0.379743,-0.054123,0.082813,-0.054123,0.082813,0.098584
lsem_i,19,n500_eta10_share10_pc30,500,10,0.100000,100,0.300000,0.179218,0.068231,0.179218,0.068231,0.191646,0.270845,0.138780,0.270845,0.138780,0.304014,-0.264419,0.135146,-0.264419,0.135146,0.296647,0.443637,0.118416,0.443637,0.118416,0.459016,-0.091627,0.131851,-0.091627,0.131851,0.160020
lsem_i,20,n1000_eta10_share10_pc30,1000,10,0.100000,100,0.300000,0.191254,0.048394,0.191254,0.048394,0.197222,0.252999,0.112309,0.252999,0.112309,0.276578,-0.251326,0.098803,-0.251326,0.098803,0.269869,0.442580,0.080957,0.442580,0.080957,0.449851,-0.061745,0.102841,-0.061745,0.102841,0.119511
lsem_i,21,n500_eta1_share50_pc30,500,1,0.500000,100,0.300000,0.194871,0.059063,0.194871,0.059063,0.203539,0.232474,0.125740,0.232474,0.125740,0.264001,-0.164033,0.104380,-0.164033,0.104380,0.194147,0.358904,0.090052,0.358904,0.090052,0.369919,-0.037603,0.129685,-0.037603,0.129685,0.134402
lsem_i,22,n1000_eta1_share50_pc30,1000,1,0.500000,100,0.300000,0.188705,0.043339,0.188705,0.043339,0.193569,0.250395,0.095835,0.250395,0.095835,0.267937,-0.190399,0.091771,-0.190399,0.091771,0.211162,0.379104,0.084091,0.379104,0.084091,0.388227,-0.061690,0.090429,-0.061690,0.090429,0.109093
lsem_i,23,n500_eta10_share50_pc30,500,10,0.500000,100,0.300000,0.177405,0.064089,0.177405,0.064089,0.188518,0.232373,0.159089,0.232373,0.159089,0.281164,-0.251518,0.123517,-0.251518,0.123517,0.279938,0.428923,0.112703,0.428923,0.112703,0.443340,-0.054968,0.137439,-0.054968,0.137439,0.147384
lsem_i,24,n1000_eta10_share50_pc30,1000,10,0.500000,100,0.300000,0.190179,0.050251,0.190179,0.050251,0.196642,0.271790,0.092627,0.271790,0.092627,0.286991,-0.262632,0.088837,-0.262632,0.088837,0.277108,0.452811,0.076316,0.452811,0.076316,0.459133,-0.081612,0.088835,-0.081612,0.088835,0.120305
lsem_i,25,n500_eta1_share10_pc40,500,1,0.100000,100,0.400000,0.154542,0.059894,0.154542,0.059894,0.165634,0.187508,0.130673,0.187508,0.130673,0.228175,-0.179195,0.112245,-0.179195,0.112245,0.211149,0.333737,0.093965,0.333737,0.093965,0.346585,-0.032966,0.127652,-0.032966,0.127652,0.131221
lsem_i,26,n1000_eta1_share10_pc40,1000,1,0.100000,100,0.400000,0.179120,0.037283,0.179120,0.037283,0.182921,0.193965,0.099080,0.193965,0.099080,0.217580,-0.152931,0.078613,-0.152931,0.078613,0.171773,0.332051,0.064872,0.332051,0.064872,0.338267,-0.014845,0.093129,-0.014845,0.093129,0.093844
lsem_i,27,n500_eta10_share10_pc40,500,10,0.100000,100,0.400000,0.170802,0.061042,0.170802,0.061042,0.181280,0.231509,0.159155,0.231509,0.159155,0.280488,-0.206034,0.118120,-0.206034,0.118120,0.237198,0.376836,0.100325,0.376836,0.100325,0.389833,-0.060706,0.155065,-0.060706,0.155065,0.165801
lsem_i,28,n1000_eta10_share10_pc40,1000,10,0.100000,100,0.400000,0.168805,0.040790,0.168805,0.040790,0.173615,0.202984,0.097261,0.202984,0.097261,0.224872,-0.209791,0.079187,-0.209791,0.079187,0.224098,0.378595,0.069480,0.378595,0.069480,0.384855,-0.034179,0.099896,-0.034179,0.099896,0.105107
lsem_i,29,n500_eta1_share50_pc40,500,1,0.500000,100,0.400000,0.180214,0.059477,0.180214,0.059477,0.189682,0.196786,0.138978,0.196786,0.138978,0.240513,-0.157517,0.104525,-0.157517,0.104525,0.188753,0.337730,0.079619,0.337730,0.079619,0.346897,-0.016572,0.136839,-0.016572,0.136839,0.137158
lsem_i,30,n1000_eta1_share50_pc40,1000,1,0.500000,100,0.400000,0.177379,0.043653,0.177379,0.043653,0.182619,0.201119,0.087129,0.201119,0.087129,0.219007,-0.151859,0.071688,-0.151859,0.071688,0.167776,0.329237,0.056653,0.329237,0.056653,0.334028,-0.023740,0.083210,-0.023740,0.083210,0.086129
lsem_i,31,n500_eta10_share50_pc40,500,10,0.500000,100,0.400000,0.184829,0.070227,0.184829,0.070227,0.197596,0.229466,0.155296,0.229466,0.155296,0.276641,-0.179000,0.125828,-0.179000,0.125828,0.218438,0.363829,0.100167,0.363829,0.100167,0.377233,-0.044637,0.153619,-0.044637,0.153619,0.159234
lsem_i,32,n1000_eta10_share50_pc40,1000,10,0.500000,100,0.400000,0.180355,0.045728,0.180355,0.045728,0.186006,0.211990,0.099669,0.211990,0.099669,0.234039,-0.209502,0.093641,-0.209502,0.093641,0.229286,0.389857,0.079400,0.389857,0.079400,0.397781,-0.031635,0.098025,-0.031635,0.098025,0.102535
lsem_i,33,n500_eta1_share10_pc50,500,1,0.100000,100,0.500000,0.177721,0.064540,0.177721,0.064540,0.188967,0.175698,0.137739,0.175698,0.137739,0.222827,-0.136293,0.107645,-0.136293,0.107645,0.173342,0.314015,0.080834,0.314015,0.080834,0.324151,0.002024,0.135967,0.002024,0.135967,0.135300
lsem_i,34,n1000_eta1_share10_pc50,1000,1,0.100000,100,0.500000,0.179737,0.040898,0.179737,0.040898,0.184286,0.189364,0.096967,0.189364,0.096967,0.212526,-0.129747,0.069551,-0.129747,0.069551,0.147048,0.309484,0.055886,0.309484,0.055886,0.314440,-0.009627,0.091044,-0.009627,0.091044,0.091098
lsem_i,35,n500_eta10_share10_pc50,500,10,0.100000,100,0.500000,0.167025,0.064300,0.167025,0.064300,0.178859,0.209727,0.153637,0.209727,0.153637,0.259525,-0.188844,0.116098,-0.188844,0.116098,0.221373,0.355869,0.092885,0.355869,0.092885,0.367674,-0.042702,0.155951,-0.042702,0.155951,0.160938
lsem_i,36,n1000_eta10_share10_pc50,1000,10,0.100000,100,0.500000,0.173038,0.044966,0.173038,0.044966,0.178728,0.209984,0.126103,0.209984,0.126103,0.244614,-0.185605,0.079155,-0.185605,0.079155,0.201624,0.358643,0.068648,0.358643,0.068648,0.365089,-0.036946,0.120672,-0.036946,0.120672,0.125623
lsem_i,37,n500_eta1_share50_pc50,500,1,0.500000,100,0.500000,0.181238,0.062266,0.181238,0.062266,0.191535,0.205414,0.155288,0.205414,0.155288,0.257037,-0.132817,0.108605,-0.132817,0.108605,0.171223,0.314055,0.082746,0.314055,0.082746,0.324667,-0.024176,0.156619,-0.024176,0.156619,0.157698
lsem_i,38,n1000_eta1_share50_pc50,1000,1,0.500000,100,0.500000,0.171032,0.045994,0.171032,0.045994,0.177048,0.195952,0.092727,0.195952,0.092727,0.216586,-0.138815,0.076983,-0.138815,0.076983,0.158546,0.309847,0.055409,0.309847,0.055409,0.314714,-0.024920,0.091368,-0.024920,0.091368,0.094264
lsem_i,39,n500_eta10_share50_pc50,500,10,0.500000,100,0.500000,0.179652,0.055188,0.179652,0.055188,0.187856,0.203734,0.153765,0.203734,0.153765,0.254784,-0.183643,0.107395,-0.183643,0.107395,0.212469,0.363295,0.088263,0.363295,0.088263,0.373759,-0.024083,0.148429,-0.024083,0.148429,0.149636
lsem_i,40,n1000_eta10_share50_pc50,1000,10,0.500000,100,0.500000,0.173453,0.039409,0.173453,0.039409,0.177830,0.212392,0.101457,0.212392,0.101457,0.235161,-0.179783,0.080043,-0.179783,0.080043,0.196634,0.353236,0.065086,0.353236,0.065086,0.359123,-0.038939,0.101661,-0.038939,0.101661,0.108387
dml,1,n500_eta1_share10_pc10,500,1,0.100000,100,0.100000,0.033636,0.118118,0.033636,0.118118,0.122244,-0.013576,0.133233,-0.013576,0.133233,0.133258,0.016029,0.149204,0.016029,0.149204,0.149319,0.017607,0.120671,0.017607,0.120671,0.121350,0.047212,0.094749,0.047212,0.094749,0.105435
dml,2,n1000_eta1_share10_pc10,1000,1,0.100000,100,0.100000,0.056747,0.088646,0.056747,0.088646,0.104879,0.000564,0.080960,0.000564,0.080960,0.080556,0.025795,0.090960,0.025795,0.090960,0.094108,0.030952,0.064650,0.030952,0.064650,0.071385,0.056183,0.054690,0.056183,0.054690,0.078215
dml,3,n500_eta10_share10_pc10,500,10,0.100000,100,0.100000,0.027868,0.134205,0.027868,0.134205,0.136409,-0.028594,0.140265,-0.028594,0.140265,0.142461,0.054532,0.140018,0.054532,0.140018,0.149609,-0.026664,0.126538,-0.026664,0.126538,0.128696,0.056462,0.116627,0.056462,0.116627,0.129049
dml,4,n1000_eta10_share10_pc10,1000,10,0.100000,100,0.100000,0.029361,0.083917,0.029361,0.083917,0.088508,-0.006812,0.085374,-0.006812,0.085374,0.085219,0.030244,0.078988,0.030244,0.078988,0.084210,-0.000883,0.073604,-0.000883,0.073604,0.073240,0.036173,0.064583,0.036173,0.064583,0.073741
dml,5,n500_eta1_share50_pc10,500,1,0.500000,100,0.100000,0.044888,0.137599,0.044888,0.137599,0.144080,0.027692,0.266514,0.027692,0.266514,0.266620,-0.001686,0.170032,-0.001686,0.170032,0.169188,0.046574,0.136206,0.046574,0.136206,0.143303,0.017197,0.255920,0.017197,0.255920,0.255217
dml,6,n1000_eta1_share50_pc10,1000,1,0.500000,100,0.100000,0.064626,0.086232,0.064626,0.086232,0.107416,0.040809,0.085349,0.040809,0.085349,0.094218,-0.001904,0.094851,-0.001904,0.094851,0.094395,0.066530,0.079600,0.066530,0.079600,0.103437,0.023817,0.051443,0.023817,0.051443,0.056455
dml,7,n500_eta10_share50_pc10,500,10,0.500000,100,0.100000,0.018604,0.128016,0.018604,0.128016,0.128726,-0.079202,0.303663,-0.079202,0.303663,0.312349,0.009108,0.158874,0.009108,0.158874,0.158340,0.009496,0.135298,0.009496,0.135298,0.134954,0.097805,0.299859,0.097805,0.299859,0.313978
dml,8,n1000_eta10_share50_pc10,1000,10,0.500000,100,0.100000,0.039083,0.082768,0.039083,0.082768,0.091156,-0.016258,0.090732,-0.016258,0.090732,0.091729,0.023742,0.089609,0.023742,0.089609,0.092266,0.015341,0.070583,0.015341,0.070583,0.071885,0.055341,0.052952,0.055341,0.052952,0.076410
dml,9,n500_eta1_share10_pc20,500,1,0.100000,100,0.200000,0.029060,0.123868,0.029060,0.123868,0.126626,-0.014350,0.132911,-0.014350,0.132911,0.133021,-0.008883,0.143172,-0.008883,0.143172,0.142731,0.037943,0.098320,0.037943,0.098320,0.104927,0.043410,0.093153,0.043410,0.093153,0.102348
dml,10,n1000_eta1_share10_pc20,1000,1,0.100000,100,0.200000,0.024676,0.075981,0.024676,0.075981,0.079525,-0.016650,0.085624,-0.016650,0.085624,0.086807,0.018483,0.095777,0.018483,0.095777,0.097073,0.006193,0.081978,0.006193,0.081978,0.081802,0.041326,0.051229,0.041326,0.051229,0.065620
dml,11,n500_eta10_share10_pc20,500,10,0.100000,100,0.200000,-0.006259,0.132658,-0.006259,0.132658,0.132141,-0.074881,0.169004,-0.074881,0.169004,0.184075,0.021701,0.154760,0.021701,0.154760,0.155506,-0.027960,0.122390,-0.027960,0.122390,0.124945,0.068621,0.118643,0.068621,0.118643,0.136544
dml,12,n1000_eta10_share10_pc20,1000,10,0.100000,100,0.200000,0.016254,0.069635,0.016254,0.069635,0.071167,-0.055621,0.093830,-0.055621,0.093830,0.108673,0.041945,0.084443,0.041945,0.084443,0.093908,-0.025691,0.059430,-0.025691,0.059430,0.064472,0.071876,0.085229,0.071876,0.085229,0.111164
dml,13,n500_eta1_share50_pc20,500,1,0.500000,100,0.200000,0.023662,0.120729,0.023662,0.120729,0.122432,0.011778,0.133547,0.011778,0.133547,0.133398,0.002795,0.147643,0.002795,0.147643,0.146929,0.020867,0.144462,0.020867,0.144462,0.145244,0.011884,0.087827,0.011884,0.087827,0.088191
dml,14,n1000_eta1_share50_pc20,1000,1,0.500000,100,0.200000,0.017795,0.076658,0.017795,0.076658,0.078322,0.003700,0.075426,0.003700,0.075426,0.075139,0.006188,0.090768,0.006188,0.090768,0.090525,0.011607,0.073651,0.011607,0.073651,0.074196,0.014094,0.047447,0.014094,0.047447,0.049268
dml,15,n500_eta10_share50_pc20,500,10,0.500000,100,0.200000,0.023740,0.123768,0.023740,0.123768,0.125415,-0.205763,1.738243,-0.205763,1.738243,1.741727,0.002475,0.151679,0.002475,0.151679,0.150939,0.021266,0.131078,0.021266,0.131078,0.132143,0.229503,1.737776,0.229503,1.737776,1.744230
dml,16,n1000_eta10_share50_pc20,1000,10,0.500000,100,0.200000,0.003235,0.063261,0.003235,0.063261,0.063027,-0.071244,0.083443,-0.071244,0.083443,0.109402,0.008303,0.087257,0.008303,0.087257,0.087215,-0.005068,0.079810,-0.005068,0.079810,0.079572,0.074480,0.071186,0.074480,0.071186,0.102781
dml,17,n500_eta1_share10_pc30,500,1,0.100000,100,0.300000,0.005611,0.115623,0.005611,0.115623,0.115180,-0.043343,0.120662,-0.043343,0.120662,0.127641,-0.030722,0.144126,-0.030722,0.144126,0.146657,0.036332,0.112042,0.036332,0.112042,0.117251,0.048954,0.081943,0.048954,0.081943,0.095100
dml,18,n1000_eta1_share10_pc30,1000,1,0.100000,100,0.300000,0.011584,0.067117,0.011584,0.067117,0.067777,-0.029297,0.084558,-0.029297,0.084558,0.089089,0.007476,0.101827,0.007476,0.101827,0.101592,0.004108,0.075181,0.004108,0.075181,0.074917,0.040882,0.060213,0.040882,0.060213,0.072530
dml,19,n500_eta10_share10_pc30,500,10,0.100000,100,0.300000,0.043762,0.120848,0.043762,0.120848,0.127958,-0.048153,0.147289,-0.048153,0.147289,0.154259,0.030336,0.133589,0.030336,0.133589,0.136337,0.013426,0.110434,0.013426,0.110434,0.110697,0.091915,0.099984,0.091915,0.099984,0.135445
dml,20,n1000_eta10_share10_pc30,1000,10,0.100000,100,0.300000,0.083026,0.079553,0.083026,0.079553,0.114711,0.001440,0.103282,0.001440,0.103282,0.102774,0.065601,0.072794,0.065601,0.072794,0.097722,0.017425,0.061664,0.017425,0.061664,0.063781,0.081586,0.080447,0.081586,0.080447,0.114294
dml,21,n500_eta1_share50_pc30,500,1,0.500000,100,0.300000,0.042497,0.108319,0.042497,0.108319,0.115852,0.069700,0.692843,0.069700,0.692843,0.692885,0.023788,0.263624,0.023788,0.263624,0.263379,0.018709,0.257761,0.018709,0.257761,0.257150,-0.027203,0.696514,-0.027203,0.696514,0.693556
dml,22,n1000_eta1_share50_pc30,1000,1,0.500000,100,0.300000,0.034527,0.077758,0.034527,0.077758,0.084723,0.005708,0.077111,0.005708,0.077111,0.076936,0.024693,0.086873,0.024693,0.086873,0.089895,0.009834,0.074666,0.009834,0.074666,0.074940,0.028819,0.066908,0.028819,0.066908,0.072543
dml,23,n500_eta10_share50_pc30,500,10,0.500000,100,0.300000,0.038956,0.121935,0.038956,0.121935,0.127425,-0.043853,0.205055,-0.043853,0.205055,0.208686,0.043513,0.897226,0.043513,0.897226,0.893789,-0.004557,0.886503,-0.004557,0.886503,0.882072,0.082809,0.167263,0.082809,0.167263,0.185888
dml,24,n1000_eta10_share50_pc30,1000,10,0.500000,100,0.300000,0.059332,0.084433,0.059332,0.084433,0.102849,-0.032926,0.120076,-0.032926,0.120076,0.123928,0.022267,0.097875,0.022267,0.097875,0.099898,0.037066,0.077512,0.037066,0.077512,0.085568,0.092258,0.081211,0.092258,0.081211,0.122641
dml,25,n500_eta1_share10_pc40,500,1,0.100000,100,0.400000,0.020359,0.096920,0.020359,0.096920,0.098560,-0.057100,0.148099,-0.057100,0.148099,0.158032,-0.002743,0.115798,-0.002743,0.115798,0.115250,0.023102,0.097638,0.023102,0.097638,0.099857,0.077459,0.115262,0.077459,0.115262,0.138392
dml,26,n1000_eta1_share10_pc40,1000,1,0.100000,100,0.400000,0.046760,0.060069,0.046760,0.060069,0.075887,-0.001435,0.093789,-0.001435,0.093789,0.093330,0.040050,0.099172,0.040050,0.099172,0.106493,0.006710,0.077836,0.006710,0.077836,0.077736,0.048195,0.059034,0.048195,0.059034,0.075980
dml,27,n500_eta10_share10_pc40,500,10,0.100000,100,0.400000,0.139507,0.108190,0.139507,0.108190,0.176211,0.012890,0.156285,0.012890,0.156285,0.156035,0.047366,0.116617,0.047366,0.116617,0.125328,0.092141,0.123462,0.092141,0.123462,0.153559,0.126617,0.120584,0.126617,0.120584,0.174434
dml,28,n1000_eta10_share10_pc40,1000,10,0.100000,100,0.400000,0.168400,0.096605,0.168400,0.096605,0.193901,0.066918,0.110806,0.066918,0.110806,0.128970,0.075631,0.087259,0.075631,0.087259,0.115143,0.092769,0.080906,0.092769,0.080906,0.122827,0.101482,0.088238,0.101482,0.088238,0.134189
dml,29,n500_eta1_share50_pc40,500,1,0.500000,100,0.400000,0.058623,0.108377,0.058623,0.108377,0.122738,0.029276,0.127646,0.029276,0.127646,0.130336,0.085209,0.180735,0.085209,0.180735,0.198995,-0.026586,0.166812,-0.026586,0.166812,0.168091,0.029347,0.084494,0.029347,0.084494,0.089045
dml,30,n1000_eta1_share50_pc40,1000,1,0.500000,100,0.400000,0.058354,0.064315,0.058354,0.064315,0.086604,0.045290,0.079355,0.045290,0.079355,0.091024,0.046867,0.068882,0.046867,0.068882,0.083029,0.011488,0.066964,0.011488,0.066964,0.067611,0.013064,0.059905,0.013064,0.059905,0.061020
dml,31,n500_eta10_share50_pc40,500,10,0.500000,100,0.400000,0.164586,0.125330,0.164586,0.125330,0.206492,0.041435,0.161071,0.041435,0.161071,0.165534,-0.102781,1.485127,-0.102781,1.485127,1.481253,0.267367,1.487377,0.267367,1.487377,1.503879,0.123151,0.128713,0.123151,0.128713,0.177672
dml,32,n1000_eta10_share50_pc40,1000,10,0.500000,100,0.400000,0.166562,0.102287,0.166562,0.102287,0.195194,0.076468,0.114907,0.076468,0.114907,0.137546,0.039009,0.097061,0.039009,0.097061,0.104156,0.127553,0.110601,0.127553,0.110601,0.168463,0.090094,0.091760,0.090094,0.091760,0.128268
dml,33,n500_eta1_share10_pc50,500,1,0.100000,100,0.500000,0.028645,0.093940,0.028645,0.093940,0.097760,-0.036741,0.125982,-0.036741,0.125982,0.130624,-0.014570,0.126575,-0.014570,0.126575,0.126781,0.043215,0.084094,0.043215,0.084094,0.094173,0.065386,0.103484,0.065386,0.103484,0.121972
dml,34,n1000_eta1_share10_pc50,1000,1,0.100000,100,0.500000,0.045064,0.063831,0.045064,0.063831,0.077875,0.010725,0.095160,0.010725,0.095160,0.095288,0.032686,0.101564,0.032686,0.101564,0.106209,0.012379,0.079770,0.012379,0.079770,0.080329,0.034340,0.061399,0.034340,0.061399,0.070081
dml,35,n500_eta10_share10_pc50,500,10,0.100000,100,0.500000,0.199387,0.137680,0.199387,0.137680,0.241912,0.058600,0.168007,0.058600,0.168007,0.177138,0.083840,0.129810,0.083840,0.129810,0.153985,0.115546,0.145339,0.115546,0.145339,0.185103,0.140787,0.132889,0.140787,0.132889,0.193142
dml,36,n1000_eta10_share10_pc50,1000,10,0.100000,100,0.500000,0.190247,0.114397,0.190247,0.114397,0.221698,0.099414,0.108353,0.099414,0.108353,0.146650,0.080517,0.090142,0.080517,0.090142,0.120530,0.109730,0.103267,0.109730,0.103267,0.150326,0.090833,0.088329,0.090833,0.088329,0.126391
dml,37,n500_eta1_share50_pc50,500,1,0.500000,100,0.500000,0.079489,0.095504,0.079489,0.095504,0.123889,0.062125,0.137111,0.062125,0.137111,0.149903,0.143234,1.019443,0.143234,1.019443,1.024396,-0.063745,1.015861,-0.063745,1.015861,1.012777,0.017364,0.086085,0.017364,0.086085,0.087396
dml,38,n1000_eta1_share50_pc50,1000,1,0.500000,100,0.500000,0.075175,0.062853,0.075175,0.062853,0.097787,0.065999,0.083820,0.065999,0.083820,0.106355,0.056501,0.067355,0.056501,0.067355,0.087656,0.018675,0.067791,0.018675,0.067791,0.069989,0.009176,0.060858,0.009176,0.060858,0.061244
dml,39,n500_eta10_share50_pc50,500,10,0.500000,100,0.500000,0.185477,0.135109,0.185477,0.135109,0.229071,0.065796,0.189154,0.065796,0.189154,0.199375,-0.009631,0.159105,-0.009631,0.159105,0.158600,0.195108,0.173667,0.195108,0.173667,0.260626,0.119682,0.138020,0.119682,0.138020,0.182161
dml,40,n1000_eta10_share50_pc50,1000,10,0.500000,100,0.500000,0.204470,0.107811,0.204470,0.107811,0.230900,0.111326,0.114158,0.111326,0.114158,0.159044,0.053999,0.095319,0.053999,0.095319,0.109136,0.150471,0.119442,0.150471,0.119442,0.191743,0.093144,0.108329,0.093144,0.108329,0.142456
dmavae,1,n500_eta1_share10_pc10,500,1,0.100000,100,0.100000,0.249745,0.171289,0.249745,0.171289,0.302356,,,,,,0.408884,0.198928,0.408884,0.198928,0.454271,-0.159139,0.211862,-0.159139,0.211862,0.264124,-0.704347,0.262921,-0.704347,0.262921,0.751360
dmavae,2,n1000_eta1_share10_pc10,1000,1,0.100000,100,0.100000,0.287609,0.181902,0.287609,0.181902,0.339819,,,,,,0.362432,0.222911,0.362432,0.222911,0.424911,-0.074823,0.224085,-0.074823,0.224085,0.235181,-0.543903,0.306114,-0.543903,0.306114,0.623377
dmavae,3,n500_eta10_share10_pc10,500,10,0.100000,100,0.100000,0.038288,0.410656,0.038288,0.410656,0.410388,,,,,,0.251848,0.440080,0.251848,0.440080,0.505134,-0.213560,0.109870,-0.213560,0.109870,0.239914,0.410402,0.319094,0.410402,0.319094,0.518876
dmavae,4,n1000_eta10_share10_pc10,1000,10,0.100000,100,0.100000,0.106771,0.210252,0.106771,0.210252,0.234870,,,,,,0.363485,0.236492,0.363485,0.236492,0.433002,-0.256714,0.165050,-0.256714,0.165050,0.304748,0.413909,0.454961,0.413909,0.454961,0.613384
dmavae,5,n500_eta1_share50_pc10,500,1,0.500000,100,0.100000,0.426241,0.211395,0.426241,0.211395,0.475313,,,,,,0.344685,0.320973,0.344685,0.320973,0.469895,0.081556,0.343218,0.081556,0.343218,0.351101,0.534164,0.332769,0.534164,0.332769,0.628458
dmavae,6,n1000_eta1_share50_pc10,1000,1,0.500000,100,0.100000,0.396472,0.145240,0.396472,0.145240,0.421988,,,,,,0.483546,0.344664,0.483546,0.344664,0.592809,-0.087074,0.327908,-0.087074,0.327908,0.337684,0.372617,0.282782,0.372617,0.282782,0.466914
dmavae,7,n500_eta10_share50_pc10,500,10,0.500000,100,0.100000,0.210028,0.269360,0.210028,0.269360,0.340501,,,,,,0.215660,0.405682,0.215660,0.405682,0.457647,-0.005632,0.380470,-0.005632,0.380470,0.378605,-0.371598,1.660156,-0.371598,1.660156,1.693116
dmavae,8,n1000_eta10_share50_pc10,1000,10,0.500000,100,0.100000,0.489457,0.241944,0.489457,0.241944,0.545454,,,,,,1.338974,0.980770,1.338974,0.980770,1.656847,-0.849516,1.031295,-0.849516,1.031295,1.332145,1.065464,0.936784,1.065464,0.936784,1.415628
dmavae,9,n500_eta1_share10_pc20,500,1,0.100000,100,0.200000,0.157905,0.163126,0.157905,0.163126,0.226446,,,,,,0.454243,0.227865,0.454243,0.227865,0.507681,-0.296338,0.225662,-0.296338,0.225662,0.371794,-0.652297,0.300030,-0.652297,0.300030,0.717363
dmavae,10,n1000_eta1_share10_pc20,1000,1,0.100000,100,0.200000,0.226741,0.185950,0.226741,0.185950,0.292648,,,,,,0.330902,0.209288,0.330902,0.209288,0.390973,-0.104162,0.209501,-0.104162,0.209501,0.233027,-0.507486,0.286324,-0.507486,0.286324,0.581982
dmavae,11,n500_eta10_share10_pc20,500,10,0.100000,100,0.200000,-0.291385,0.385787,-0.291385,0.385787,0.481922,,,,,,-0.163651,0.390009,-0.163651,0.390009,0.421150,-0.127734,0.060749,-0.127734,0.060749,0.141314,0.097190,0.166792,0.097190,0.166792,0.192321
dmavae,12,n1000_eta10_share10_pc20,1000,10,0.100000,100,0.200000,0.067154,0.126890,0.067154,0.126890,0.143003,,,,,,0.547747,0.183736,0.547747,0.183736,0.577449,-0.480593,0.205408,-0.480593,0.205408,0.522245,0.491799,0.559471,0.491799,0.559471,0.742795
dmavae,13,n500_eta1_share50_pc20,500,1,0.500000,100,0.200000,0.394777,0.202039,0.394777,0.202039,0.443013,,,,,,0.434973,0.359908,0.434973,0.359908,0.563418,-0.040196,0.377580,-0.040196,0.377580,0.377832,0.562259,0.420482,0.562259,0.420482,0.700837
dmavae,14,n1000_eta1_share50_pc20,1000,1,0.500000,100,0.200000,0.322336,0.147870,0.322336,0.147870,0.354326,,,,,,0.360602,0.320184,0.360602,0.320184,0.481172,-0.038267,0.347833,-0.038267,0.347833,0.348198,0.429762,0.258287,0.429762,0.258287,0.500740
dmavae,15,n500_eta10_share50_pc20,500,10,0.500000,100,0.200000,0.226486,0.260757,0.226486,0.260757,0.344398,,,,,,-0.024514,0.415307,-0.024514,0.415307,0.413952,0.251000,0.341906,0.251000,0.341906,0.422767,0.184489,1.552962,0.184489,1.552962,1.556152
dmavae,16,n1000_eta10_share50_pc20,1000,10,0.500000,100,0.200000,0.808514,0.182730,0.808514,0.182730,0.828704,,,,,,1.321990,1.086994,1.321990,1.086994,1.708039,-0.513476,1.079358,-0.513476,1.079358,1.190387,1.343071,1.133725,1.343071,1.133725,1.753944
dmavae,17,n500_eta1_share10_pc30,500,1,0.100000,100,0.300000,0.132395,0.173082,0.132395,0.173082,0.217224,,,,,,0.565372,0.268372,0.565372,0.268372,0.625259,-0.432977,0.214870,-0.432977,0.214870,0.482884,-0.555898,0.351677,-0.555898,0.351677,0.656858
dmavae,18,n1000_eta1_share10_pc30,1000,1,0.100000,100,0.300000,0.094679,0.183662,0.094679,0.183662,0.205812,,,,,,0.228241,0.256823,0.228241,0.256823,0.342625,-0.133561,0.212990,-0.133561,0.212990,0.250499,-0.399338,0.317771,-0.399338,0.317771,0.509352
dmavae,19,n500_eta10_share10_pc30,500,10,0.100000,100,0.300000,-0.383120,0.306049,-0.383120,0.306049,0.489398,,,,,,-0.250847,0.310979,-0.250847,0.310979,0.398328,-0.132273,0.056582,-0.132273,0.056582,0.143756,0.080211,0.175280,0.080211,0.175280,0.191962
dmavae,20,n1000_eta10_share10_pc30,1000,10,0.100000,100,0.300000,0.126397,0.177361,0.126397,0.177361,0.217068,,,,,,0.784473,0.218274,0.784473,0.218274,0.813981,-0.658077,0.180663,-0.658077,0.180663,0.682186,0.737254,0.662248,0.737254,0.662248,0.988802
dmavae,21,n500_eta1_share50_pc30,500,1,0.500000,100,0.300000,0.409997,0.176085,0.409997,0.176085,0.445863,,,,,,0.481318,0.381535,0.481318,0.381535,0.613010,-0.071321,0.371424,-0.071321,0.371424,0.376381,0.617800,0.441681,0.617800,0.441681,0.758161
dmavae,22,n1000_eta1_share50_pc30,1000,1,0.500000,100,0.300000,0.197310,0.172496,0.197310,0.172496,0.261512,,,,,,0.234897,0.307624,0.234897,0.307624,0.385827,-0.037586,0.294010,-0.037586,0.294010,0.294941,0.371915,0.308397,0.371915,0.308397,0.482160
dmavae,23,n500_eta10_share50_pc30,500,10,0.500000,100,0.300000,0.413034,0.281880,0.413034,0.281880,0.499258,,,,,,0.109061,0.549130,0.109061,0.549130,0.557155,0.303974,0.421845,0.303974,0.421845,0.518241,0.090109,1.731026,0.090109,1.731026,1.724704
dmavae,24,n1000_eta10_share50_pc30,1000,10,0.500000,100,0.300000,0.930365,0.169059,0.930365,0.169059,0.945449,,,,,,1.689812,1.468777,1.689812,1.468777,2.234099,-0.759447,1.468292,-0.759447,1.468292,1.646537,1.372868,1.321393,1.372868,1.321393,1.900891
dmavae,25,n500_eta1_share10_pc40,500,1,0.100000,100,0.400000,0.160733,0.161657,0.160733,0.161657,0.227392,,,,,,0.581809,0.234468,0.581809,0.234468,0.626839,-0.421076,0.219927,-0.421076,0.219927,0.474541,-0.398015,0.352606,-0.398015,0.352606,0.530569
dmavae,26,n1000_eta1_share10_pc40,1000,1,0.100000,100,0.400000,0.108060,0.191878,0.108060,0.191878,0.219376,,,,,,0.289107,0.244510,0.289107,0.244510,0.377849,-0.181047,0.205831,-0.181047,0.205831,0.273351,-0.262270,0.369563,-0.262270,0.369563,0.451660
dmavae,27,n500_eta10_share10_pc40,500,10,0.100000,100,0.400000,-0.362521,0.294539,-0.362521,0.294539,0.466162,,,,,,-0.215458,0.307429,-0.215458,0.307429,0.374152,-0.147063,0.063252,-0.147063,0.063252,0.159963,0.062660,0.185329,0.062660,0.185329,0.194755
dmavae,28,n1000_eta10_share10_pc40,1000,10,0.100000,100,0.400000,0.117237,0.171792,0.117237,0.171792,0.207273,,,,,,0.846005,0.244710,0.846005,0.244710,0.880346,-0.728767,0.211916,-0.728767,0.211916,0.758657,0.802645,0.568941,0.802645,0.568941,0.982190
dmavae,29,n500_eta1_share50_pc40,500,1,0.500000,100,0.400000,0.377912,0.217344,0.377912,0.217344,0.435412,,,,,,0.511163,0.383765,0.511163,0.383765,0.638036,-0.133251,0.359286,-0.133251,0.359286,0.381512,0.721422,0.407481,0.721422,0.407481,0.827544
dmavae,30,n1000_eta1_share50_pc40,1000,1,0.500000,100,0.400000,0.210310,0.154940,0.210310,0.154940,0.260762,,,,,,0.246712,0.321014,0.246712,0.321014,0.403592,-0.036401,0.306572,-0.036401,0.306572,0.307199,0.422052,0.304302,0.422052,0.304302,0.519425
dmavae,31,n500_eta10_share50_pc40,500,10,0.500000,100,0.400000,0.505957,0.263335,0.505957,0.263335,0.569776,,,,,,0.270579,0.481627,0.270579,0.481627,0.550325,0.235379,0.418484,0.235379,0.418484,0.478310,0.349800,1.346037,0.349800,1.346037,1.384217
dmavae,32,n1000_eta10_share50_pc40,1000,10,0.500000,100,0.400000,0.864161,0.215735,0.864161,0.215735,0.890422,,,,,,1.776369,1.356690,1.776369,1.356690,2.231074,-0.912208,1.360613,-0.912208,1.360613,1.632445,1.173469,1.252237,1.173469,1.252237,1.711562
dmavae,33,n500_eta1_share10_pc50,500,1,0.100000,100,0.500000,0.216687,0.172261,0.216687,0.172261,0.276279,,,,,,0.655967,0.238230,0.655967,0.238230,0.697480,-0.439280,0.238946,-0.439280,0.238946,0.499491,-0.416304,0.341241,-0.416304,0.341241,0.537205
dmavae,34,n1000_eta1_share10_pc50,1000,1,0.100000,100,0.500000,0.135523,0.156422,0.135523,0.156422,0.206372,,,,,,0.308985,0.221674,0.308985,0.221674,0.379631,-0.173462,0.192283,-0.173462,0.192283,0.258249,-0.302225,0.314094,-0.302225,0.314094,0.434751
dmavae,35,n500_eta10_share10_pc50,500,10,0.100000,100,0.500000,-0.403718,0.340726,-0.403718,0.340726,0.527183,,,,,,-0.254063,0.339448,-0.254063,0.339448,0.422635,-0.149655,0.067138,-0.149655,0.067138,0.163888,0.128208,0.211512,0.128208,0.211512,0.246429
dmavae,36,n1000_eta10_share10_pc50,1000,10,0.100000,100,0.500000,0.097164,0.186397,0.097164,0.186397,0.209374,,,,,,0.832756,0.260661,0.832756,0.260661,0.872208,-0.735592,0.205866,-0.735592,0.205866,0.763579,0.752963,0.590470,0.752963,0.590470,0.955051
dmavae,37,n500_eta1_share50_pc50,500,1,0.500000,100,0.500000,0.394641,0.171541,0.394641,0.171541,0.429969,,,,,,0.540556,0.354429,0.540556,0.354429,0.645418,-0.145915,0.358399,-0.145915,0.358399,0.385300,0.625516,0.388479,0.625516,0.388479,0.735307
dmavae,38,n1000_eta1_share50_pc50,1000,1,0.500000,100,0.500000,0.184220,0.159329,0.184220,0.159329,0.243041,,,,,,0.188635,0.325267,0.188635,0.325267,0.374598,-0.004414,0.287058,-0.004414,0.287058,0.285653,0.399694,0.281475,0.399694,0.281475,0.488048
dmavae,39,n500_eta10_share50_pc50,500,10,0.500000,100,0.500000,0.487615,0.232935,0.487615,0.232935,0.539893,,,,,,0.198971,0.585731,0.198971,0.585731,0.615825,0.288643,0.502462,0.288643,0.502462,0.577285,0.282713,1.564660,0.282713,1.564660,1.582279
dmavae,40,n1000_eta10_share50_pc50,1000,10,0.500000,100,0.500000,0.854348,0.229879,0.854348,0.229879,0.884435,,,,,,2.466358,1.304654,2.466358,1.304654,2.787118,-1.612011,1.331477,-1.612011,1.331477,2.086548,1.233245,1.824462,1.233245,1.824462,2.194599
cmavae,1,n500_eta1_share10_pc10,500,1,0.100000,100,0.100000,0.305153,0.350765,0.305153,0.350765,0.463599,,,,,,0.512088,0.357006,0.512088,0.357006,0.623228,-0.206935,0.235103,-0.206935,0.235103,0.312318,-0.407380,0.402553,-0.407380,0.402553,0.571303
cmavae,2,n1000_eta1_share10_pc10,1000,1,0.100000,100,0.100000,0.171248,0.259795,0.171248,0.259795,0.310072,,,,,,0.337628,0.225595,0.337628,0.225595,0.405434,-0.166380,0.184308,-0.166380,0.184308,0.247612,-0.371802,0.372178,-0.371802,0.372178,0.524755
cmavae,3,n500_eta10_share10_pc10,500,10,0.100000,100,0.100000,0.812115,0.348472,0.812115,0.348472,0.883034,,,,,,1.066815,0.394208,1.066815,0.394208,1.136635,-0.254700,0.121418,-0.254700,0.121418,0.281899,0.890185,0.457199,0.890185,0.457199,0.999685
cmavae,4,n1000_eta10_share10_pc10,1000,10,0.100000,100,0.100000,0.740707,0.320588,0.740707,0.320588,0.806472,,,,,,0.860220,0.301586,0.860220,0.301586,0.911056,-0.119513,0.185158,-0.119513,0.185158,0.219600,0.455928,0.367574,0.455928,0.367574,0.584491
cmavae,5,n500_eta1_share50_pc10,500,1,0.500000,100,0.100000,0.445985,0.271995,0.445985,0.271995,0.521674,,,,,,0.238792,0.373296,0.238792,0.373296,0.441563,0.207193,0.337831,0.207193,0.337831,0.394864,0.459633,0.442544,0.459633,0.442544,0.636513
cmavae,6,n1000_eta1_share50_pc10,1000,1,0.500000,100,0.100000,0.523956,0.265652,0.523956,0.265652,0.586852,,,,,,0.480429,0.353716,0.480429,0.353716,0.595547,0.043527,0.280510,0.043527,0.280510,0.282478,0.415377,0.353384,0.415377,0.353384,0.544214
cmavae,7,n500_eta10_share50_pc10,500,10,0.500000,100,0.100000,0.382688,0.379882,0.382688,0.379882,0.537883,,,,,,0.333351,0.457471,0.333351,0.457471,0.564189,0.049337,0.529626,0.049337,0.529626,0.529276,0.539611,1.684424,0.539611,1.684424,1.760708
cmavae,8,n1000_eta10_share50_pc10,1000,10,0.500000,100,0.100000,0.580315,0.401357,0.580315,0.401357,0.704444,,,,,,1.986314,0.838120,1.986314,0.838120,2.154267,-1.406000,0.784789,-1.406000,0.784789,1.608282,2.114234,1.497704,2.114234,1.497704,2.586633
cmavae,9,n500_eta1_share10_pc20,500,1,0.100000,100,0.200000,0.223231,0.267432,0.223231,0.267432,0.347328,,,,,,0.488884,0.300392,0.488884,0.300392,0.573010,-0.265653,0.209073,-0.265653,0.209073,0.337410,-0.399493,0.362501,-0.399493,0.362501,0.538226
cmavae,10,n1000_eta1_share10_pc20,1000,1,0.100000,100,0.200000,0.189835,0.227435,0.189835,0.227435,0.295376,,,,,,0.357157,0.250543,0.357157,0.250543,0.435551,-0.167322,0.176559,-0.167322,0.176559,0.242607,-0.279605,0.379290,-0.279605,0.379290,0.469682
cmavae,11,n500_eta10_share10_pc20,500,10,0.100000,100,0.200000,0.642216,0.355001,0.642216,0.355001,0.732943,,,,,,0.913571,0.404894,0.913571,0.404894,0.998455,-0.271356,0.107185,-0.271356,0.107185,0.291561,0.816504,0.450219,0.816504,0.450219,0.931315
cmavae,12,n1000_eta10_share10_pc20,1000,10,0.100000,100,0.200000,0.451131,0.257705,0.451131,0.257705,0.518909,,,,,,0.807134,0.305527,0.807134,0.305527,0.862484,-0.356003,0.183144,-0.356003,0.183144,0.399931,0.552268,0.538293,0.552268,0.538293,0.769326
cmavae,13,n500_eta1_share50_pc20,500,1,0.500000,100,0.200000,0.496037,0.260351,0.496037,0.260351,0.559605,,,,,,0.275964,0.460278,0.275964,0.460278,0.534690,0.220072,0.386479,0.220072,0.386479,0.443062,0.452908,0.377969,0.452908,0.377969,0.588692
cmavae,14,n1000_eta1_share50_pc20,1000,1,0.500000,100,0.200000,0.585359,0.158856,0.585359,0.158856,0.606323,,,,,,0.531718,0.350749,0.531718,0.350749,0.636018,0.053640,0.331067,0.053640,0.331067,0.333746,0.459985,0.274975,0.459985,0.274975,0.535202
cmavae,15,n500_eta10_share50_pc20,500,10,0.500000,100,0.200000,0.293489,0.287183,0.293489,0.287183,0.409616,,,,,,0.334042,0.318705,0.334042,0.318705,0.460588,-0.040553,0.359276,-0.040553,0.359276,0.359767,0.634218,1.258467,0.634218,1.258467,1.403615
cmavae,16,n1000_eta10_share50_pc20,1000,10,0.500000,100,0.200000,0.475077,0.423205,0.475077,0.423205,0.634830,,,,,,1.804657,0.984620,1.804657,0.984620,2.053429,-1.329580,0.816753,-1.329580,0.816753,1.558268,1.911330,1.546886,1.911330,1.546886,2.453999
cmavae,17,n500_eta1_share10_pc30,500,1,0.100000,100,0.300000,0.158175,0.240866,0.158175,0.240866,0.287150,,,,,,0.645351,0.342559,0.645351,0.342559,0.729829,-0.487176,0.257398,-0.487176,0.257398,0.550392,-0.500207,0.411541,-0.500207,0.411541,0.646436
cmavae,18,n1000_eta1_share10_pc30,1000,1,0.100000,100,0.300000,0.199083,0.264663,0.199083,0.264663,0.330122,,,,,,0.377014,0.348721,0.377014,0.348721,0.512376,-0.177930,0.288264,-0.177930,0.288264,0.337527,-0.435305,0.393248,-0.435305,0.393248,0.585310
cmavae,19,n500_eta10_share10_pc30,500,10,0.100000,100,0.300000,0.389256,0.317340,0.389256,0.317340,0.501216,,,,,,0.654719,0.347301,0.654719,0.347301,0.740317,-0.265463,0.080081,-0.265463,0.080081,0.277163,0.851189,0.356978,0.851189,0.356978,0.922324
cmavae,20,n1000_eta10_share10_pc30,1000,10,0.100000,100,0.300000,0.143412,0.406027,0.143412,0.406027,0.428691,,,,,,0.678470,0.445790,0.678470,0.445790,0.810594,-0.535058,0.153130,-0.535058,0.153130,0.556328,0.737617,0.494382,0.737617,0.494382,0.886594
cmavae,21,n500_eta1_share50_pc30,500,1,0.500000,100,0.300000,0.489620,0.215207,0.489620,0.215207,0.534396,,,,,,0.559097,0.421281,0.559097,0.421281,0.698780,-0.069478,0.369163,-0.069478,0.369163,0.373825,0.437414,0.457063,0.437414,0.457063,0.630990
cmavae,22,n1000_eta1_share50_pc30,1000,1,0.500000,100,0.300000,0.461466,0.196861,0.461466,0.196861,0.501316,,,,,,0.349059,0.450436,0.349059,0.450436,0.568072,0.112407,0.394092,0.112407,0.394092,0.407910,0.387011,0.301355,0.387011,0.301355,0.489576
cmavae,23,n500_eta10_share50_pc30,500,10,0.500000,100,0.300000,0.296245,0.318222,0.296245,0.318222,0.433606,,,,,,0.351624,0.410809,0.351624,0.410809,0.539181,-0.055379,0.354061,-0.055379,0.354061,0.356613,0.377499,1.982447,0.377499,1.982447,2.008308
cmavae,24,n1000_eta10_share50_pc30,1000,10,0.500000,100,0.300000,0.549438,0.409896,0.549438,0.409896,0.684264,,,,,,2.403494,1.644077,2.403494,1.644077,2.907360,-1.854055,1.414932,-1.854055,1.414932,2.327989,2.254633,2.032267,2.254633,2.032267,3.028560
cmavae,25,n500_eta1_share10_pc40,500,1,0.100000,100,0.400000,0.182709,0.143308,0.182709,0.143308,0.231764,,,,,,0.731744,0.274375,0.731744,0.274375,0.781010,-0.549034,0.272177,-0.549034,0.272177,0.612191,-0.422711,0.358116,-0.422711,0.358116,0.552855
cmavae,26,n1000_eta1_share10_pc40,1000,1,0.100000,100,0.400000,0.202141,0.142472,0.202141,0.142472,0.246893,,,,,,0.403817,0.262367,0.403817,0.262367,0.480850,-0.201677,0.247728,-0.201677,0.247728,0.318479,-0.386089,0.404209,-0.386089,0.404209,0.557509
cmavae,27,n500_eta10_share10_pc40,500,10,0.100000,100,0.400000,0.261677,0.264756,0.261677,0.264756,0.371308,,,,,,0.537166,0.285556,0.537166,0.285556,0.607679,-0.275489,0.081102,-0.275489,0.081102,0.287064,0.707180,0.283527,0.707180,0.283527,0.761372
cmavae,28,n1000_eta10_share10_pc40,1000,10,0.100000,100,0.400000,-0.060119,0.400384,-0.060119,0.400384,0.402888,,,,,,0.446657,0.446772,0.446657,0.446772,0.630168,-0.506777,0.109504,-0.506777,0.109504,0.518357,0.590827,0.463134,0.590827,0.463134,0.749283
cmavae,29,n500_eta1_share50_pc40,500,1,0.500000,100,0.400000,0.479259,0.170028,0.479259,0.170028,0.508242,,,,,,0.533916,0.496481,0.533916,0.496481,0.727389,-0.054657,0.417436,-0.054657,0.417436,0.418925,0.588476,0.397622,0.588476,0.397622,0.709103
cmavae,30,n1000_eta1_share50_pc40,1000,1,0.500000,100,0.400000,0.422864,0.169745,0.422864,0.169745,0.455345,,,,,,0.232423,0.430039,0.232423,0.430039,0.486934,0.190441,0.398595,0.190441,0.398595,0.439952,0.540402,0.315695,0.540402,0.315695,0.625061
cmavae,31,n500_eta10_share50_pc40,500,10,0.500000,100,0.400000,0.295540,0.191975,0.295540,0.191975,0.351895,,,,,,0.306917,0.360243,0.306917,0.360243,0.471885,-0.011376,0.337647,-0.011376,0.337647,0.336148,0.582020,1.268478,0.582020,1.268478,1.389853
cmavae,32,n1000_eta10_share50_pc40,1000,10,0.500000,100,0.400000,0.625117,0.448590,0.625117,0.448590,0.768109,,,,,,2.272072,1.872033,2.272072,1.872033,2.937988,-1.646956,1.554202,-1.646956,1.554202,2.259171,2.176818,1.665344,2.176818,1.665344,2.735722
cmavae,33,n500_eta1_share10_pc50,500,1,0.100000,100,0.500000,0.204703,0.143485,0.204703,0.143485,0.249571,,,,,,0.765234,0.256725,0.765234,0.256725,0.806742,-0.560531,0.251543,-0.560531,0.251543,0.613870,-0.409031,0.347537,-0.409031,0.347537,0.535613
cmavae,34,n1000_eta1_share10_pc50,1000,1,0.100000,100,0.500000,0.217370,0.117925,0.217370,0.117925,0.247017,,,,,,0.396449,0.231435,0.396449,0.231435,0.458474,-0.179079,0.208678,-0.179079,0.208678,0.274190,-0.318040,0.328744,-0.318040,0.328744,0.456225
cmavae,35,n500_eta10_share10_pc50,500,10,0.100000,100,0.500000,0.203598,0.360386,0.203598,0.360386,0.412349,,,,,,0.496201,0.401782,0.496201,0.401782,0.637204,-0.292603,0.093118,-0.292603,0.093118,0.306921,0.759961,0.370920,0.759961,0.370920,0.844835
cmavae,36,n1000_eta10_share10_pc50,1000,10,0.100000,100,0.500000,-0.022027,0.346197,-0.022027,0.346197,0.345165,,,,,,0.520046,0.410974,0.520046,0.410974,0.661558,-0.542074,0.150115,-0.542074,0.150115,0.562275,0.604763,0.440158,0.604763,0.440158,0.746686
cmavae,37,n500_eta1_share50_pc50,500,1,0.500000,100,0.500000,0.430281,0.168380,0.430281,0.168380,0.461747,,,,,,0.534298,0.424059,0.534298,0.424059,0.680810,-0.104017,0.389925,-0.104017,0.389925,0.401672,0.534136,0.428225,0.534136,0.428225,0.683260
cmavae,38,n1000_eta1_share50_pc50,1000,1,0.500000,100,0.500000,0.395321,0.192088,0.395321,0.192088,0.439099,,,,,,0.127385,0.426816,0.127385,0.426816,0.443371,0.267936,0.377267,0.267936,0.377267,0.461190,0.538962,0.373631,0.538962,0.373631,0.654740
cmavae,39,n500_eta10_share50_pc50,500,10,0.500000,100,0.500000,0.293508,0.245528,0.293508,0.245528,0.381875,,,,,,0.321619,0.456259,0.321619,0.456259,0.556354,-0.028110,0.397030,-0.028110,0.397030,0.396038,0.687240,1.631222,0.687240,1.631222,1.762548
cmavae,40,n1000_eta10_share50_pc50,1000,10,0.500000,100,0.500000,0.591536,0.426913,0.591536,0.426913,0.728250,,,,,,2.363778,1.738136,2.363778,1.738136,2.928883,-1.772242,1.593162,-1.772242,1.593162,2.377735,2.274252,1.953915,2.274252,1.953915,2.991960
