epoch,loss
0,10355.7551
1,9339.3141
2,8478.0295
3,7502.0190
4,6762.3962
5,6063.4890
6,5306.5046
7,4744.6328
8,4103.1160
9,3597.2202
10,3099.0911
11,2810.0733
12,2312.6910
13,1968.2559
14,1674.5481
15,1445.9123
16,1223.0063
17,1026.6979
18,865.0297
19,753.2797
20,619.2780
21,519.8043
22,485.7505
23,395.0053
24,339.3320
25,291.6389
26,261.3512
27,229.1448
28,204.9739
29,180.3207
30,157.2964
31,142.6926
32,127.5671
33,114.7426
34,105.8380
35,96.4733
36,90.3574
37,83.5480
38,78.1740
39,73.7121
40,69.9723
41,66.8484
42,64.2706
43,61.8084
44,59.8032
45,58.2628
46,56.4241
47,55.1601
48,53.7349
49,52.5958
50,51.3472
51,50.1593
52,49.1752
53,48.2422
54,47.1597
55,46.3964
56,45.7132
57,45.0327
58,44.2722
59,43.6299
60,43.0257
61,42.4293
62,42.1087
63,41.3166
64,41.0337
65,40.3617
66,39.8972
67,39.4997
68,39.4809
69,39.0438
70,38.5320
71,38.3126
72,38.0676
73,37.9188
74,37.5029
75,37.0721
76,36.8098
77,36.6187
78,36.4270
79,36.1328
80,36.0098
81,35.7412
82,35.7610
83,35.3815
84,35.2494
85,83.4326
86,34.9263
87,34.9174
88,34.6424
89,34.5309
90,34.2096
91,34.9033
92,34.0707
93,33.8806
94,33.6662
95,33.9028
96,33.4559
97,61.4590
98,33.2574
99,33.1717
100,33.0793
101,32.9672
102,32.8183
103,32.6960
104,32.7016
105,32.5148
106,32.3958
107,32.3584
108,32.3705
109,32.0988
110,31.9145
111,31.9127
112,56.3298
113,31.8271
114,31.7899
115,37.4046
116,32.1552
117,31.4468
118,31.3065
119,31.4016
120,31.1101
121,31.1337
122,31.0205
123,31.6249
124,31.0467
125,31.1282
126,30.8824
127,30.7404
128,30.6273
129,30.5065
130,31.0155
131,30.4319
132,30.4101
133,30.2433
134,30.0359
135,30.0838
136,29.9790
137,29.9263
138,29.9585
139,29.9931
140,29.8205
141,29.6933
142,29.5616
143,29.6677
144,29.5776
145,29.7753
146,29.4625
147,29.3070
148,29.2532
149,29.5220
150,29.1683
151,29.0683
152,29.2671
153,29.0841
154,29.4968
155,29.2495
156,29.4536
157,40.3171
158,28.8288
159,28.8516
160,28.9252
161,29.0266
162,29.4305
163,28.6623
164,29.2829
165,30.4109
166,58.0819
167,28.7627
168,28.7326
169,28.7094
170,28.4763
171,28.5982
172,28.4577
173,28.5635
174,28.6750
175,28.5871
176,28.6825
177,28.3677
178,28.3467
179,28.2062
180,28.2199
181,28.1704
182,28.4396
183,28.1993
184,28.5111
185,28.1483
186,28.1985
187,28.0721
188,28.1724
189,27.9765
190,27.9729
191,28.0834
192,40.6861
193,27.9345
194,27.9179
195,27.8015
196,27.9566
197,27.8235
198,27.7057
199,27.8113
200,27.7442
201,28.1018
202,28.3348
203,27.9869
204,27.7780
205,27.9302
206,27.8481
207,27.7979
208,27.7082
209,27.7889
210,27.5116
211,27.6815
212,27.7484
213,27.7904
214,27.4577
215,27.5007
216,27.3522
217,27.4960
218,27.4118
219,27.4500
220,27.4205
221,28.6918
222,27.6156
223,27.3022
224,27.4256
225,29.0922
226,27.4501
227,27.3614
228,27.4406
229,27.4153
230,27.3125
231,27.1909
232,27.2794
233,27.2381
234,28.1121
235,27.6609
236,27.3627
237,27.4132
238,27.2680
239,27.2461
240,27.3663
241,27.3383
242,27.4519
243,27.3032
244,27.2415
245,27.1846
246,27.1380
247,27.2070
248,27.0468
249,27.2753
250,27.0447
251,26.9972
252,27.0110
253,27.1785
254,27.0359
255,27.1067
256,27.1495
257,27.1797
258,27.2037
259,27.2908
260,26.9230
261,27.2555
262,27.0392
263,27.0301
264,27.0470
265,26.9937
266,26.8505
267,27.0645
268,26.8900
269,27.1519
270,27.4320
271,26.7486
272,26.8463
273,26.7666
274,26.7191
275,26.7933
276,26.7191
277,26.8895
278,26.8340
279,26.7682
280,26.8081
281,26.6680
282,26.7690
283,26.8212
284,26.6281
285,26.7233
286,26.6786
287,69.0862
288,26.6304
289,26.5908
290,28.8116
291,26.6208
292,26.7089
293,26.5930
294,26.5788
295,26.4897
296,26.6211
297,26.6647
298,26.5787
299,26.5553
300,26.5239
301,26.7868
302,26.6384
303,26.5065
304,27.6789
305,26.5317
306,26.6033
307,26.5627
308,26.5304
309,26.4515
310,26.5336
311,26.4911
312,26.8537
313,26.5664
314,27.0227
315,26.7230
316,26.5911
317,26.6102
318,26.5106
319,26.2921
320,26.7286
321,26.3560
322,26.4469
323,26.5356
324,26.4901
325,26.4573
326,26.5667
327,26.3818
328,26.4332
329,26.4850
330,490.1348
331,26.3813
332,26.3801
333,26.3803
334,278.0870
335,26.2120
336,26.3875
337,26.2550
338,26.3173
339,26.2802
340,26.6334
341,26.2934
342,26.4160
343,26.3136
344,26.2835
345,26.2684
346,26.2478
347,26.4025
348,26.4135
349,26.3687
350,26.2274
351,26.2528
352,26.1475
353,26.3052
354,26.3195
355,26.2721
356,26.3040
357,26.2785
358,26.2446
359,26.3255
360,26.2068
361,26.2788
362,26.1752
363,27.8254
364,26.2788
365,26.2283
366,26.0447
367,26.2197
368,26.1764
369,26.1206
370,26.1659
371,26.3163
372,26.1107
373,26.2061
374,26.1530
375,26.1595
376,26.0482
377,26.0890
378,26.1078
379,26.0860
380,26.1301
381,26.0833
382,26.2766
383,26.0285
384,26.0222
385,26.0220
386,26.0551
387,26.1025
388,26.1772
389,26.1043
390,26.0530
391,26.0526
392,26.0567
393,26.2810
394,26.1306
395,26.1095
396,26.0980
397,452.3480
398,26.1319
399,26.0213
400,26.0205
401,26.0594
402,26.2159
403,25.9560
404,26.0303
405,25.9974
406,25.9618
407,25.9462
408,25.9995
409,25.9783
410,26.3415
411,26.0183
412,26.0104
413,25.9728
414,25.8360
415,25.9918
416,25.9908
417,25.9162
418,26.0118
419,25.9229
420,25.9772
421,25.8509
422,25.9649
423,25.9777
424,25.8460
425,26.0136
426,26.0568
427,25.9395
428,26.0094
429,26.2444
430,25.9191
431,25.8855
432,25.8676
433,25.9160
434,25.9449
435,25.9630
436,25.9763
437,25.9553
438,25.9737
439,25.9946
440,25.7621
441,25.8781
442,25.8657
443,25.8199
444,25.7875
445,25.8621
446,25.8598
447,25.8927
448,25.8323
449,25.8038
450,25.8015
451,25.8543
452,26.0962
453,25.9576
454,25.8079
455,25.8178
456,25.9890
457,25.9415
458,25.8470
459,25.8109
460,25.7186
461,25.8569
462,25.8483
463,25.7333
464,25.7645
465,25.8945
466,25.7688
467,25.9439
468,25.8984
469,25.8683
470,25.8132
471,25.7184
472,26.4082
473,25.7397
474,25.7969
475,25.7044
476,26.2265
477,25.6724
478,25.7735
479,55.2451
480,25.6909
481,25.8106
482,26.0792
483,26.4919
484,25.7099
485,25.7553
486,25.8716
487,25.8786
488,25.7856
489,25.8938
490,25.7744
491,25.6723
492,25.8720
493,25.7204
494,25.8667
495,25.8916
496,25.7798
497,25.9539
498,25.9272
499,25.7427
500,25.7895
501,26.5622
502,25.6468
503,25.7950
504,25.7539
505,25.7295
506,25.7658
507,25.7657
508,25.6149
509,25.6622
510,25.6611
511,25.6611
512,25.7890
513,25.9046
514,25.6542
515,25.6803
516,25.9196
517,25.5871
518,25.7487
519,25.7338
520,25.6998
521,25.7115
522,25.6511
523,25.6982
524,25.6869
525,25.7927
526,25.7397
527,25.8631
528,25.7030
529,25.6300
530,25.6984
531,25.7574
532,25.6789
533,25.6093
534,26.5328
535,25.7266
536,25.6192
537,25.7168
538,25.7648
539,25.6566
540,25.5812
541,25.8005
542,25.8149
543,25.7363
544,25.6909
545,25.8447
546,25.6455
547,25.6208
548,25.6986
549,25.7286
550,25.8049
551,25.7038
552,25.5185
553,42.7361
554,25.7302
555,25.6807
556,25.8451
557,25.5642
558,25.6721
559,25.6890
560,25.6634
561,25.6330
562,25.6347
563,25.5755
564,25.6187
565,25.6150
566,25.6746
567,25.6631
568,25.8587
569,25.5361
570,25.6544
571,25.6230
572,25.6283
573,26.3022
574,25.6208
575,25.8658
576,25.7070
577,25.5896
578,25.7908
579,25.6266
580,25.6100
581,25.7443
582,25.5650
583,25.6783
584,25.7192
585,25.6508
586,25.6805
587,25.7578
588,25.5767
589,25.6187
590,25.6029
591,25.6993
592,25.7728
593,25.5940
594,25.8749
595,25.6124
596,25.5727
597,25.5876
598,25.6238
599,25.5954
600,25.6642
601,25.6016
602,25.6038
603,26.0059
604,25.5823
605,25.6104
606,25.5120
607,25.6372
608,25.4810
609,25.5144
610,25.7041
611,25.7179
612,25.5449
613,25.5969
614,25.4876
615,25.8251
616,27.0241
617,25.4890
618,25.4853
619,25.5373
620,25.5443
621,25.5370
622,25.5901
623,25.5754
624,25.4843
625,25.6644
626,25.5576
627,25.5647
628,25.7316
629,25.5972
630,25.6087
631,25.4984
632,25.7487
633,25.5080
634,25.4892
635,25.6161
636,25.6160
637,25.5674
638,25.5521
639,25.8861
640,25.5180
641,25.6752
642,25.5644
643,25.5858
644,25.6230
645,30.5964
646,25.5472
647,25.6256
648,25.5766
649,25.4530
650,25.5432
651,25.4897
652,25.5199
653,25.5155
654,25.6444
655,25.5684
656,25.4982
657,25.5944
658,25.5477
659,25.5030
660,26.0469
661,4882974.9327
662,25.7303
663,25.5486
664,25.4846
665,25.6298
666,25.5119
667,25.5837
668,25.3902
669,25.5810
670,25.5866
671,25.5062
672,25.7504
673,25.5744
674,25.5138
675,25.4717
676,25.5582
677,25.7198
678,25.5164
679,25.5295
680,25.5536
681,25.5341
682,25.4831
683,25.8275
684,25.5873
685,25.5740
686,25.5005
687,25.5523
688,25.9590
689,25.6031
690,25.5608
691,25.5213
692,25.4414
693,25.6084
694,25.5546
695,25.4321
696,25.6186
697,25.5216
698,25.4757
699,25.4963
